優先度	フェーズ	サービス名	カテゴリ	ステータス	担当者	シークレット保存URL (1Password/AWS等)	備考 / チケットURL
1	Phase 1 (コア)	⭐️ box	ファイル管理	未着手 (KEY_REQUIRED)			
2	Phase 1 (コア)	⭐️ chatwork	チャットツール	未着手 (KEY_REQUIRED)			
3	Phase 1 (コア)	⭐️ discord-bot	チャットツール	未着手 (KEY_REQUIRED)			
4	Phase 1 (コア)	⭐️ dropbox	ファイル管理	未着手 (KEY_REQUIRED)			
5	Phase 1 (コア)	⭐️ freee	会計・経理	未着手 (KEY_REQUIRED)			
6	Phase 1 (コア)	⭐️ google-calendar	カレンダー	未着手 (KEY_REQUIRED)			
7	Phase 1 (コア)	⭐️ google-chat	チャットツール	未着手 (KEY_REQUIRED)			
8	Phase 1 (コア)	⭐️ google-drive	ファイル管理	未着手 (KEY_REQUIRED)			
9	Phase 1 (コア)	⭐️ google-sheets	業務一般	未着手 (KEY_REQUIRED)			
10	Phase 1 (コア)	⭐️ hubspot	マーケティング	未着手 (KEY_REQUIRED)			
11	Phase 1 (コア)	⭐️ kintone	Webデータベース	未着手 (KEY_REQUIRED)			
12	Phase 1 (コア)	⭐️ line-works-oauth	チャットツール	未着手 (KEY_REQUIRED)			
13	Phase 1 (コア)	⭐️ moneyforward	会計・経理	未着手 (KEY_REQUIRED)			
14	Phase 1 (コア)	⭐️ notion	業務一般	未着手 (KEY_REQUIRED)			
15	Phase 1 (コア)	⭐️ salesforce	セールス	未着手 (KEY_REQUIRED)			
16	Phase 1 (コア)	⭐️ slack	チャットツール	未着手 (KEY_REQUIRED)			
17	Phase 1 (コア)	⭐️ smart-hr	人事・労務	未着手 (KEY_REQUIRED)			
18	Phase 1 (コア)	⭐️ teams	チャットツール	未着手 (KEY_REQUIRED)			
19	Phase 1 (コア)	⭐️ zoom	業務一般	未着手 (KEY_REQUIRED)			
20	Phase 1 (コア)	⭐️ line	マーケティング	未着手 (KEY_REQUIRED)			
21	Phase 1 (コア)	⭐️ chatgpt	業務一般	未着手 (KEY_REQUIRED)			
22	Phase 1 (コア)	⭐️ sansan	セールス	未着手 (KEY_REQUIRED)			
23	Phase 1 (コア)	⭐️ gmail	業務一般	未着手 (KEY_REQUIRED)			
24	Phase 1 (コア)	activecampaign	マーケティング	未着手 (KEY_REQUIRED)			
25	Phase 1 (コア)	agendor	セールス	未着手 (KEY_REQUIRED)			
26	Phase 1 (コア)	asana-oauth	プロジェクト管理	未着手 (KEY_REQUIRED)			
27	Phase 1 (コア)	avaza	プロジェクト管理	未着手 (KEY_REQUIRED)			
28	Phase 1 (コア)	axonaut	セールス	未着手 (KEY_REQUIRED)			
29	Phase 1 (コア)	backlog	プロジェクト管理	未着手 (KEY_REQUIRED)			
30	Phase 1 (コア)	bcart	EC・POSシステム	未着手 (KEY_REQUIRED)			
31	Phase 1 (コア)	bitrix	セールス	未着手 (KEY_REQUIRED)			
32	Phase 1 (コア)	blogger	ナレッジベース	未着手 (KEY_REQUIRED)			
33	Phase 1 (コア)	board	会計・経理	未着手 (KEY_REQUIRED)			
34	Phase 1 (コア)	booqable	受発注・在庫管理	未着手 (KEY_REQUIRED)			
35	Phase 1 (コア)	botpress	オートメーション	未着手 (KEY_REQUIRED)			
36	Phase 1 (コア)	capsule-crm	セールス	未着手 (KEY_REQUIRED)			
37	Phase 1 (コア)	chargebee	会計・経理	未着手 (KEY_REQUIRED)			
38	Phase 1 (コア)	chartmogul	会計・経理	未着手 (KEY_REQUIRED)			
39	Phase 1 (コア)	chumonbunjo-cloud	セールス	未着手 (KEY_REQUIRED)			
40	Phase 1 (コア)	clio_manage	セールス	未着手 (KEY_REQUIRED)			
41	Phase 1 (コア)	close	セールス	未着手 (KEY_REQUIRED)			
42	Phase 1 (コア)	cloudsign	契約締結	未着手 (KEY_REQUIRED)			
43	Phase 1 (コア)	cogmento	セールス	未着手 (KEY_REQUIRED)			
44	Phase 1 (コア)	commerce_robo	EC・POSシステム	未着手 (KEY_REQUIRED)			
45	Phase 1 (コア)	connecteam	プロジェクト管理	未着手 (KEY_REQUIRED)			
46	Phase 1 (コア)	constant-contact	マーケティング	未着手 (KEY_REQUIRED)			
47	Phase 1 (コア)	cyzen	セールス	未着手 (KEY_REQUIRED)			
48	Phase 1 (コア)	dextre	受発注・在庫管理	未着手 (KEY_REQUIRED)			
49	Phase 1 (コア)	docusign	契約締結	未着手 (KEY_REQUIRED)			
50	Phase 1 (コア)	dumpling-ai	オートメーション	未着手 (KEY_REQUIRED)			
51	Phase 2 (ミドル)	dynamics-crm	セールス	未着手 (KEY_REQUIRED)			
52	Phase 2 (ミドル)	easybill	会計・経理	未着手 (KEY_REQUIRED)			
53	Phase 2 (ミドル)	ecforce	EC・POSシステム	未着手 (KEY_REQUIRED)			
54	Phase 2 (ミドル)	espo_crm	セールス	未着手 (KEY_REQUIRED)			
55	Phase 2 (ミドル)	everhour	プロジェクト管理	未着手 (KEY_REQUIRED)			
56	Phase 2 (ミドル)	fatture_in_cloud	会計・経理	未着手 (KEY_REQUIRED)			
57	Phase 2 (ミドル)	filestage	ファイル管理	未着手 (KEY_REQUIRED)			
58	Phase 2 (ミドル)	fireberry	セールス	未着手 (KEY_REQUIRED)			
59	Phase 2 (ミドル)	float	プロジェクト管理	未着手 (KEY_REQUIRED)			
60	Phase 2 (ミドル)	freee-hr	人事・労務	未着手 (KEY_REQUIRED)			
61	Phase 2 (ミドル)	freee-iv	会計・経理	未着手 (KEY_REQUIRED)			
62	Phase 2 (ミドル)	freshdesk	カスタマーサポート	未着手 (KEY_REQUIRED)			
63	Phase 2 (ミドル)	freshsales	セールス	未着手 (KEY_REQUIRED)			
64	Phase 2 (ミドル)	freshservice	カスタマーサポート	未着手 (KEY_REQUIRED)			
65	Phase 2 (ミドル)	front	カスタマーサポート	未着手 (KEY_REQUIRED)			
66	Phase 2 (ミドル)	fx	オートメーション	未着手 (KEY_REQUIRED)			
67	Phase 2 (ミドル)	github	プロジェクト管理	未着手 (KEY_REQUIRED)			
68	Phase 2 (ミドル)	gmo-sign	契約締結	未着手 (KEY_REQUIRED)			
69	Phase 2 (ミドル)	google-ads-oauth	マーケティング	未着手 (KEY_REQUIRED)			
70	Phase 2 (ミドル)	google-form	入力フォーム	未着手 (KEY_REQUIRED)			
71	Phase 2 (ミドル)	harvest	プロジェクト管理	未着手 (KEY_REQUIRED)			
72	Phase 2 (ミドル)	hennge	人事・労務	未着手 (KEY_REQUIRED)			
73	Phase 2 (ミドル)	hot-profile	セールス	未着手 (KEY_REQUIRED)			
74	Phase 2 (ミドル)	hrmos	人事・労務	未着手 (KEY_REQUIRED)			
75	Phase 2 (ミドル)	insightly_crm	セールス	未着手 (KEY_REQUIRED)			
76	Phase 2 (ミドル)	intercom	カスタマーサポート	未着手 (KEY_REQUIRED)			
77	Phase 2 (ミドル)	invoice_ninja	会計・経理	未着手 (KEY_REQUIRED)			
78	Phase 2 (ミドル)	invox	会計・経理	未着手 (KEY_REQUIRED)			
79	Phase 2 (ミドル)	jobcan-wf	ワークフロー	未着手 (KEY_REQUIRED)			
80	Phase 2 (ミドル)	jooto	プロジェクト管理	未着手 (KEY_REQUIRED)			
81	Phase 2 (ミドル)	josys	人事・労務	未着手 (KEY_REQUIRED)			
82	Phase 2 (ミドル)	just-sfa	Webデータベース	未着手 (KEY_REQUIRED)			
83	Phase 2 (ミドル)	kairos-sales	セールス	未着手 (KEY_REQUIRED)			
84	Phase 2 (ミドル)	kaonavi	人事・労務	未着手 (KEY_REQUIRED)			
85	Phase 2 (ミドル)	kasika	カスタマーサポート	未着手 (KEY_REQUIRED)			
86	Phase 2 (ミドル)	keap	セールス	未着手 (KEY_REQUIRED)			
87	Phase 2 (ミドル)	keeping	プロジェクト管理	未着手 (KEY_REQUIRED)			
88	Phase 2 (ミドル)	kickflow	ワークフロー	未着手 (KEY_REQUIRED)			
89	Phase 2 (ミドル)	kommo	セールス	未着手 (KEY_REQUIRED)			
90	Phase 2 (ミドル)	lob	マーケティング	未着手 (KEY_REQUIRED)			
91	Phase 2 (ミドル)	logiless	受発注・在庫管理	未着手 (KEY_REQUIRED)			
92	Phase 2 (ミドル)	microsoft-excel	業務一般	未着手 (KEY_REQUIRED)			
93	Phase 2 (ミドル)	misoca	会計・経理	未着手 (KEY_REQUIRED)			
94	Phase 2 (ミドル)	moco	プロジェクト管理	未着手 (KEY_REQUIRED)			
95	Phase 2 (ミドル)	moneybird	会計・経理	未着手 (KEY_REQUIRED)			
96	Phase 2 (ミドル)	moneyforward-admina	人事・労務	未着手 (KEY_REQUIRED)			
97	Phase 2 (ミドル)	moneyforward-expenses	会計・経理	未着手 (KEY_REQUIRED)			
98	Phase 2 (ミドル)	moneyforward-invoice-three	会計・経理	未着手 (KEY_REQUIRED)			
99	Phase 2 (ミドル)	moneyforward-payable	会計・経理	未着手 (KEY_REQUIRED)			
100	Phase 2 (ミドル)	moneyforward-plus	会計・経理	未着手 (KEY_REQUIRED)			
101	Phase 2 (ミドル)	moskit	セールス	未着手 (KEY_REQUIRED)			
102	Phase 2 (ミドル)	mural	業務一般	未着手 (KEY_REQUIRED)			
103	Phase 2 (ミドル)	next-sfa	セールス	未着手 (KEY_REQUIRED)			
104	Phase 2 (ミドル)	officestation	人事・労務	未着手 (KEY_REQUIRED)			
105	Phase 2 (ミドル)	onedrive	ファイル管理	未着手 (KEY_REQUIRED)			
106	Phase 2 (ミドル)	openai	業務一般	未着手 (KEY_REQUIRED)			
107	Phase 2 (ミドル)	openlogi	受発注・在庫管理	未着手 (KEY_REQUIRED)			
108	Phase 2 (ミドル)	outlook	業務一般	未着手 (KEY_REQUIRED)			
109	Phase 2 (ミドル)	paddle	決済	未着手 (KEY_REQUIRED)			
110	Phase 2 (ミドル)	paymo	プロジェクト管理	未着手 (KEY_REQUIRED)			
111	Phase 2 (ミドル)	pdfco	オートメーション	未着手 (KEY_REQUIRED)			
112	Phase 2 (ミドル)	phone-appli-people	セールス	未着手 (KEY_REQUIRED)			
113	Phase 2 (ミドル)	pipedrive	セールス	未着手 (KEY_REQUIRED)			
114	Phase 2 (ミドル)	ploomes	セールス	未着手 (KEY_REQUIRED)			
115	Phase 2 (ミドル)	podio	Webデータベース	未着手 (KEY_REQUIRED)			
116	Phase 2 (ミドル)	raynet-crm	セールス	未着手 (KEY_REQUIRED)			
117	Phase 2 (ミドル)	rd-station-crm	セールス	未着手 (KEY_REQUIRED)			
118	Phase 2 (ミドル)	recurly	決済	未着手 (KEY_REQUIRED)			
119	Phase 2 (ミドル)	repairshopr	EC・POSシステム	未着手 (KEY_REQUIRED)			
120	Phase 2 (ミドル)	safetyculture	ワークフロー	未着手 (KEY_REQUIRED)			
121	Phase 2 (ミドル)	salesflare	セールス	未着手 (KEY_REQUIRED)			
122	Phase 2 (ミドル)	salesforce-sb	セールス	未着手 (KEY_REQUIRED)			
123	Phase 2 (ミドル)	salesmate	セールス	未着手 (KEY_REQUIRED)			
124	Phase 2 (ミドル)	seciosslink	人事・労務	未着手 (KEY_REQUIRED)			
125	Phase 2 (ミドル)	senses	セールス	未着手 (KEY_REQUIRED)			
126	Phase 2 (ミドル)	sevdesk	会計・経理	未着手 (KEY_REQUIRED)			
127	Phase 2 (ミドル)	sharepoint	ファイル管理	未着手 (KEY_REQUIRED)			
128	Phase 2 (ミドル)	shopify	EC・POSシステム	未着手 (KEY_REQUIRED)			
129	Phase 2 (ミドル)	shortcut	プロジェクト管理	未着手 (KEY_REQUIRED)			
130	Phase 2 (ミドル)	smaregi-api	EC・POSシステム	未着手 (KEY_REQUIRED)			
131	Phase 2 (ミドル)	smaregi-timecard	人事・労務	未着手 (KEY_REQUIRED)			
132	Phase 2 (ミドル)	streak	セールス	未着手 (KEY_REQUIRED)			
133	Phase 2 (ミドル)	stripe	決済	未着手 (KEY_REQUIRED)			
134	Phase 2 (ミドル)	systeme-io	マーケティング	未着手 (KEY_REQUIRED)			
135	Phase 2 (ミドル)	taiga	プロジェクト管理	未着手 (KEY_REQUIRED)			
136	Phase 2 (ミドル)	teamleader	セールス	未着手 (KEY_REQUIRED)			
137	Phase 2 (ミドル)	teamwork	プロジェクト管理	未着手 (KEY_REQUIRED)			
138	Phase 2 (ミドル)	timely	プロジェクト管理	未着手 (KEY_REQUIRED)			
139	Phase 2 (ミドル)	toggl	プロジェクト管理	未着手 (KEY_REQUIRED)			
140	Phase 2 (ミドル)	tokium	会計・経理	未着手 (KEY_REQUIRED)			
141	Phase 2 (ミドル)	trello	プロジェクト管理	未着手 (KEY_REQUIRED)			
142	Phase 2 (ミドル)	tumblr	マーケティング	未着手 (KEY_REQUIRED)			
143	Phase 2 (ミドル)	twist	チャットツール	未着手 (KEY_REQUIRED)			
144	Phase 2 (ミドル)	upbooks_api	会計・経理	未着手 (KEY_REQUIRED)			
145	Phase 2 (ミドル)	weclapp	受発注・在庫管理	未着手 (KEY_REQUIRED)			
146	Phase 2 (ミドル)	woocommerce	EC・POSシステム	未着手 (KEY_REQUIRED)			
147	Phase 2 (ミドル)	wordpress	Webサイト制作	未着手 (KEY_REQUIRED)			
148	Phase 2 (ミドル)	xero	会計・経理	未着手 (KEY_REQUIRED)			
149	Phase 2 (ミドル)	yousign	契約締結	未着手 (KEY_REQUIRED)			
150	Phase 2 (ミドル)	zaico	受発注・在庫管理	未着手 (KEY_REQUIRED)			
151	Phase 2 (ミドル)	zendesk	カスタマーサポート	未着手 (KEY_REQUIRED)			
152	Phase 2 (ミドル)	zendesk-sell	セールス	未着手 (KEY_REQUIRED)			
153	Phase 2 (ミドル)	zerocodekit	オートメーション	未着手 (KEY_REQUIRED)			
154	Phase 2 (ミドル)	zoho-bigin	セールス	未着手 (KEY_REQUIRED)			
155	Phase 2 (ミドル)	zoho-books	会計・経理	未着手 (KEY_REQUIRED)			
156	Phase 2 (ミドル)	zoho-crm-oauth	セールス	未着手 (KEY_REQUIRED)			
157	Phase 2 (ミドル)	zoho-inventory	受発注・在庫管理	未着手 (KEY_REQUIRED)			
158	Phase 2 (ミドル)	zoho-invoice	会計・経理	未着手 (KEY_REQUIRED)			
159	Phase 2 (ミドル)	zoho-mail	業務一般	未着手 (KEY_REQUIRED)			
160	Phase 2 (ミドル)	zoho_cliq	チャットツール	未着手 (KEY_REQUIRED)			
161	Phase 2 (ミドル)	zoho_sheet	業務一般	未着手 (KEY_REQUIRED)			
162	Phase 2 (ミドル)	zoho_writer	業務一般	未着手 (KEY_REQUIRED)			
163	Phase 2 (ミドル)	bird	セールス	未着手 (KEY_REQUIRED)			
164	Phase 2 (ミドル)	clickfunnels	マーケティング	未着手 (KEY_REQUIRED)			
165	Phase 2 (ミドル)	contentful	Webサイト制作	未着手 (KEY_REQUIRED)			
166	Phase 2 (ミドル)	fakturoid	会計・経理	未着手 (KEY_REQUIRED)			
167	Phase 2 (ミドル)	jinji-bugyo	人事・労務	未着手 (KEY_REQUIRED)			
168	Phase 2 (ミドル)	moxie	セールス	未着手 (KEY_REQUIRED)			
169	Phase 2 (ミドル)	nimble	セールス	未着手 (KEY_REQUIRED)			
170	Phase 2 (ミドル)	openproject	プロジェクト管理	未着手 (KEY_REQUIRED)			
171	Phase 2 (ミドル)	paystack	決済	未着手 (KEY_REQUIRED)			
172	Phase 2 (ミドル)	retable	Webデータベース	未着手 (KEY_REQUIRED)			
173	Phase 2 (ミドル)	sonderplan	プロジェクト管理	未着手 (KEY_REQUIRED)			
174	Phase 2 (ミドル)	cloudconvert	オートメーション	未着手 (KEY_REQUIRED)			
175	Phase 2 (ミドル)	collaboflow	ワークフロー	未着手 (KEY_REQUIRED)			
176	Phase 2 (ミドル)	confluence	ナレッジベース	未着手 (KEY_REQUIRED)			
177	Phase 2 (ミドル)	grist	Webデータベース	未着手 (KEY_REQUIRED)			
178	Phase 2 (ミドル)	king-of-time	人事・労務	未着手 (KEY_REQUIRED)			
179	Phase 2 (ミドル)	klaviyo	マーケティング	未着手 (KEY_REQUIRED)			
180	Phase 2 (ミドル)	makeleaps	会計・経理	未着手 (KEY_REQUIRED)			
181	Phase 2 (ミドル)	next-engine	受発注・在庫管理	未着手 (KEY_REQUIRED)			
182	Phase 2 (ミドル)	smartsheet	業務一般	未着手 (KEY_REQUIRED)			
183	Phase 2 (ミドル)	todoist	プロジェクト管理	未着手 (KEY_REQUIRED)			
184	Phase 2 (ミドル)	xpoint	ワークフロー	未着手 (KEY_REQUIRED)			
185	Phase 2 (ミドル)	aircall	カスタマーサポート	未着手 (KEY_REQUIRED)			
186	Phase 2 (ミドル)	chatbot	カスタマーサポート	未着手 (KEY_REQUIRED)			
187	Phase 2 (ミドル)	eventee	マーケティング	未着手 (KEY_REQUIRED)			
188	Phase 2 (ミドル)	help-scout	カスタマーサポート	未着手 (KEY_REQUIRED)			
189	Phase 2 (ミドル)	idoklad	会計・経理	未着手 (KEY_REQUIRED)			
190	Phase 2 (ミドル)	incircle	チャットツール	未着手 (KEY_REQUIRED)			
191	Phase 2 (ミドル)	livestorm	マーケティング	未着手 (KEY_REQUIRED)			
192	Phase 2 (ミドル)	nozbe	プロジェクト管理	未着手 (KEY_REQUIRED)			
193	Phase 2 (ミドル)	partnero	セールス	未着手 (KEY_REQUIRED)			
194	Phase 2 (ミドル)	sendx	マーケティング	未着手 (KEY_REQUIRED)			
195	Phase 2 (ミドル)	servicem	セールス	未着手 (KEY_REQUIRED)			
196	Phase 2 (ミドル)	attio	セールス	未着手 (KEY_REQUIRED)			
197	Phase 2 (ミドル)	clicksend	マーケティング	未着手 (KEY_REQUIRED)			
198	Phase 2 (ミドル)	clockify	プロジェクト管理	未着手 (KEY_REQUIRED)			
199	Phase 2 (ミドル)	deel	人事・労務	未着手 (KEY_REQUIRED)			
200	Phase 2 (ミドル)	google-contact	業務一般	未着手 (KEY_REQUIRED)			
201	Phase 2 (ミドル)	google-workspace	業務一般	未着手 (KEY_REQUIRED)			
202	Phase 2 (ミドル)	keygen	オートメーション	未着手 (KEY_REQUIRED)			
203	Phase 2 (ミドル)	moneyforward-kessai	会計・経理	未着手 (KEY_REQUIRED)			
204	Phase 2 (ミドル)	short-io	マーケティング	未着手 (KEY_REQUIRED)			
205	Phase 2 (ミドル)	smartlead	マーケティング	未着手 (KEY_REQUIRED)			
206	Phase 2 (ミドル)	sendpulse	マーケティング	未着手 (KEY_REQUIRED)			
207	Phase 2 (ミドル)	cloudmersive	オートメーション	未着手 (KEY_REQUIRED)			
208	Phase 2 (ミドル)	cloze	セールス	未着手 (KEY_REQUIRED)			
209	Phase 2 (ミドル)	e_goi	マーケティング	未着手 (KEY_REQUIRED)			
210	Phase 2 (ミドル)	kairos	マーケティング	未着手 (KEY_REQUIRED)			
211	Phase 2 (ミドル)	mailbluster	マーケティング	未着手 (KEY_REQUIRED)			
212	Phase 2 (ミドル)	ontraport	セールス	未着手 (KEY_REQUIRED)			
213	Phase 2 (ミドル)	pennylane	会計・経理	未着手 (KEY_REQUIRED)			
214	Phase 2 (ミドル)	resource_guru	プロジェクト管理	未着手 (KEY_REQUIRED)			
215	Phase 2 (ミドル)	sheetrocks	Webデータベース	未着手 (KEY_REQUIRED)			
216	Phase 2 (ミドル)	teamspirit	人事・労務	未着手 (KEY_REQUIRED)			
217	Phase 2 (ミドル)	tmetric	プロジェクト管理	未着手 (KEY_REQUIRED)			
218	Phase 2 (ミドル)	apify	オートメーション	未着手 (KEY_REQUIRED)			
219	Phase 2 (ミドル)	copper	セールス	未着手 (KEY_REQUIRED)			
220	Phase 2 (ミドル)	cybozu	人事・労務	未着手 (KEY_REQUIRED)			
221	Phase 2 (ミドル)	desknets-neo	Webデータベース	未着手 (KEY_REQUIRED)			
222	Phase 2 (ミドル)	drip	マーケティング	未着手 (KEY_REQUIRED)			
223	Phase 2 (ミドル)	eventbrite	マーケティング	未着手 (KEY_REQUIRED)			
224	Phase 2 (ミドル)	lexoffice	会計・経理	未着手 (KEY_REQUIRED)			
225	Phase 2 (ミドル)	raindrop	業務一般	未着手 (KEY_REQUIRED)			
226	Phase 2 (ミドル)	rakuraku-hanbai	Webデータベース	未着手 (KEY_REQUIRED)			
227	Phase 2 (ミドル)	rd-station	マーケティング	未着手 (KEY_REQUIRED)			
228	Phase 2 (ミドル)	simplybookme	カレンダー	未着手 (KEY_REQUIRED)			
229	Phase 2 (ミドル)	superchat	カスタマーサポート	未着手 (KEY_REQUIRED)			
230	Phase 2 (ミドル)	youtube_data	マーケティング	未着手 (KEY_REQUIRED)			
231	Phase 2 (ミドル)	respond-io	カスタマーサポート	未着手 (KEY_REQUIRED)			
232	Phase 2 (ミドル)	smoove	マーケティング	未着手 (KEY_REQUIRED)			
233	Phase 2 (ミドル)	clicksign	契約締結	未着手 (KEY_REQUIRED)			
234	Phase 2 (ミドル)	freelo	プロジェクト管理	未着手 (KEY_REQUIRED)			
235	Phase 2 (ミドル)	getprospect	セールス	未着手 (KEY_REQUIRED)			
236	Phase 2 (ミドル)	linkprint	業務一般	未着手 (KEY_REQUIRED)			
237	Phase 2 (ミドル)	liveagent	カスタマーサポート	未着手 (KEY_REQUIRED)			
238	Phase 2 (ミドル)	mailchimp_transactional	マーケティング	未着手 (KEY_REQUIRED)			
239	Phase 2 (ミドル)	onepagecrm	セールス	未着手 (KEY_REQUIRED)			
240	Phase 2 (ミドル)	paysys	決済	未着手 (KEY_REQUIRED)			
241	Phase 2 (ミドル)	thanks_io	マーケティング	未着手 (KEY_REQUIRED)			
242	Phase 2 (ミドル)	timelinesai	カスタマーサポート	未着手 (KEY_REQUIRED)			
243	Phase 2 (ミドル)	wild-apricot	セールス	未着手 (KEY_REQUIRED)			
244	Phase 2 (ミドル)	zoho_desk	カスタマーサポート	未着手 (KEY_REQUIRED)			
245	Phase 2 (ミドル)	bamboohr	人事・労務	未着手 (KEY_REQUIRED)			
246	Phase 2 (ミドル)	clickup	プロジェクト管理	未着手 (KEY_REQUIRED)			
247	Phase 2 (ミドル)	direct	チャットツール	未着手 (KEY_REQUIRED)			
248	Phase 2 (ミドル)	fileforce	ファイル管理	未着手 (KEY_REQUIRED)			
249	Phase 2 (ミドル)	jira	プロジェクト管理	未着手 (KEY_REQUIRED)			
250	Phase 2 (ミドル)	mailchimp	マーケティング	未着手 (KEY_REQUIRED)			
251	Phase 3 (ロングテール)	pandadoc	契約締結	未着手 (KEY_REQUIRED)			
252	Phase 3 (ロングテール)	sasuke-lead	セールス	未着手 (KEY_REQUIRED)			
253	Phase 3 (ロングテール)	square	決済	未着手 (KEY_REQUIRED)			
254	Phase 3 (ロングテール)	zoho_project	プロジェクト管理	未着手 (KEY_REQUIRED)			
255	Phase 3 (ロングテール)	zoho_recruit	人事・労務	未着手 (KEY_REQUIRED)			
256	Phase 3 (ロングテール)	heartbeat	カスタマーサポート	未着手 (KEY_REQUIRED)			
257	Phase 3 (ロングテール)	loyverse	EC・POSシステム	未着手 (KEY_REQUIRED)			
258	Phase 3 (ロングテール)	mastodon	マーケティング	未着手 (KEY_REQUIRED)			
259	Phase 3 (ロングテール)	beLazy	オートメーション	未着手 (KEY_REQUIRED)			
260	Phase 3 (ロングテール)	clickmeeting	マーケティング	未着手 (KEY_REQUIRED)			
261	Phase 3 (ロングテール)	crowdin	プロジェクト管理	未着手 (KEY_REQUIRED)			
262	Phase 3 (ロングテール)	edusign	契約締結	未着手 (KEY_REQUIRED)			
263	Phase 3 (ロングテール)	insightful	人事・労務	未着手 (KEY_REQUIRED)			
264	Phase 3 (ロングテール)	kaiten	プロジェクト管理	未着手 (KEY_REQUIRED)			
265	Phase 3 (ロングテール)	kura-bugyo	受発注・在庫管理	未着手 (KEY_REQUIRED)			
266	Phase 3 (ロングテール)	nocrm_io	セールス	未着手 (KEY_REQUIRED)			
267	Phase 3 (ロングテール)	omnisend	マーケティング	未着手 (KEY_REQUIRED)			
268	Phase 3 (ロングテール)	pdf_appnet	ファイル管理	未着手 (KEY_REQUIRED)			
269	Phase 3 (ロングテール)	rakuraku_repeat	EC・POSシステム	未着手 (KEY_REQUIRED)			
270	Phase 3 (ロングテール)	textmagic	マーケティング	未着手 (KEY_REQUIRED)			
271	Phase 3 (ロングテール)	timing	プロジェクト管理	未着手 (KEY_REQUIRED)			
272	Phase 3 (ロングテール)	beehiiv	マーケティング	未着手 (KEY_REQUIRED)			
273	Phase 3 (ロングテール)	billing-robo	会計・経理	未着手 (KEY_REQUIRED)			
274	Phase 3 (ロングテール)	brevo	マーケティング	未着手 (KEY_REQUIRED)			
275	Phase 3 (ロングテール)	cloudflare	Webサイト制作	未着手 (KEY_REQUIRED)			
276	Phase 3 (ロングテール)	freshchat	カスタマーサポート	未着手 (KEY_REQUIRED)			
277	Phase 3 (ロングテール)	garoon	業務一般	未着手 (KEY_REQUIRED)			
278	Phase 3 (ロングテール)	inoreader	業務一般	未着手 (KEY_REQUIRED)			
279	Phase 3 (ロングテール)	lemlist	マーケティング	未着手 (KEY_REQUIRED)			
280	Phase 3 (ロングテール)	lemon-squeezy	決済	未着手 (KEY_REQUIRED)			
281	Phase 3 (ロングテール)	pinecone	Webデータベース	未着手 (KEY_REQUIRED)			
282	Phase 3 (ロングテール)	postmark	マーケティング	未着手 (KEY_REQUIRED)			
283	Phase 3 (ロングテール)	printify	EC・POSシステム	未着手 (KEY_REQUIRED)			
284	Phase 3 (ロングテール)	webflow	Webサイト制作	未着手 (KEY_REQUIRED)			
285	Phase 3 (ロングテール)	freee-pm	プロジェクト管理	未着手 (KEY_REQUIRED)			
286	Phase 3 (ロングテール)	pagerduty	ワークフロー	未着手 (KEY_REQUIRED)			
287	Phase 3 (ロングテール)	awork	プロジェクト管理	未着手 (KEY_REQUIRED)			
288	Phase 3 (ロングテール)	bannerbear	マーケティング	未着手 (KEY_REQUIRED)			
289	Phase 3 (ロングテール)	bonusly	人事・労務	未着手 (KEY_REQUIRED)			
290	Phase 3 (ロングテール)	bugherd	プロジェクト管理	未着手 (KEY_REQUIRED)			
291	Phase 3 (ロングテール)	endorsal	マーケティング	未着手 (KEY_REQUIRED)			
292	Phase 3 (ロングテール)	giriton	人事・労務	未着手 (KEY_REQUIRED)			
293	Phase 3 (ロングテール)	harness	プロジェクト管理	未着手 (KEY_REQUIRED)			
294	Phase 3 (ロングテール)	holded	セールス	未着手 (KEY_REQUIRED)			
295	Phase 3 (ロングテール)	justcall	カスタマーサポート	未着手 (KEY_REQUIRED)			
296	Phase 3 (ロングテール)	kyuyo-bugyo	人事・労務	未着手 (KEY_REQUIRED)			
297	Phase 3 (ロングテール)	maintainx	受発注・在庫管理	未着手 (KEY_REQUIRED)			
298	Phase 3 (ロングテール)	pca-cloud-konkan	受発注・在庫管理	未着手 (KEY_REQUIRED)			
299	Phase 3 (ロングテール)	proabono	決済	未着手 (KEY_REQUIRED)			
300	Phase 3 (ロングテール)	quaderno	会計・経理	未着手 (KEY_REQUIRED)			
301	Phase 3 (ロングテール)	serpapi	マーケティング	未着手 (KEY_REQUIRED)			
302	Phase 3 (ロングテール)	snov_io	セールス	未着手 (KEY_REQUIRED)			
303	Phase 3 (ロングテール)	sparkpost	マーケティング	未着手 (KEY_REQUIRED)			
304	Phase 3 (ロングテール)	timecamp	プロジェクト管理	未着手 (KEY_REQUIRED)			
305	Phase 3 (ロングテール)	twitch	マーケティング	未着手 (KEY_REQUIRED)			
306	Phase 3 (ロングテール)	univapay	決済	未着手 (KEY_REQUIRED)			
307	Phase 3 (ロングテール)	yukyu-note	人事・労務	未着手 (KEY_REQUIRED)			
308	Phase 3 (ロングテール)	zapsign	契約締結	未着手 (KEY_REQUIRED)			
309	Phase 3 (ロングテール)	airtable-oauth	Webデータベース	未着手 (KEY_REQUIRED)			
310	Phase 3 (ロングテール)	apollo	セールス	未着手 (KEY_REQUIRED)			
311	Phase 3 (ロングテール)	baserow	Webデータベース	未着手 (KEY_REQUIRED)			
312	Phase 3 (ロングテール)	brushup	プロジェクト管理	未着手 (KEY_REQUIRED)			
313	Phase 3 (ロングテール)	cognito-forms	入力フォーム	未着手 (KEY_REQUIRED)			
314	Phase 3 (ロングテール)	hotmart	決済	未着手 (KEY_REQUIRED)			
315	Phase 3 (ロングテール)	leonardo-ai	Webサイト制作	未着手 (KEY_REQUIRED)			
316	Phase 3 (ロングテール)	ninja-sign	契約締結	未着手 (KEY_REQUIRED)			
317	Phase 3 (ロングテール)	rakuraku-meisai	会計・経理	未着手 (KEY_REQUIRED)			
318	Phase 3 (ロングテール)	reddit	マーケティング	未着手 (KEY_REQUIRED)			
319	Phase 3 (ロングテール)	relation	カスタマーサポート	未着手 (KEY_REQUIRED)			
320	Phase 3 (ロングテール)	spiral	Webデータベース	未着手 (KEY_REQUIRED)			
321	Phase 3 (ロングテール)	ticktick	プロジェクト管理	未着手 (KEY_REQUIRED)			
322	Phase 3 (ロングテール)	typebot	カスタマーサポート	未着手 (KEY_REQUIRED)			
323	Phase 3 (ロングテール)	paid	決済	未着手 (KEY_REQUIRED)			
324	Phase 3 (ロングテール)	reply_io	セールス	未着手 (KEY_REQUIRED)			
325	Phase 3 (ロングテール)	aweber	マーケティング	未着手 (KEY_REQUIRED)			
326	Phase 3 (ロングテール)	axiom	オートメーション	未着手 (KEY_REQUIRED)			
327	Phase 3 (ロングテール)	canny	カスタマーサポート	未着手 (KEY_REQUIRED)			
328	Phase 3 (ロングテール)	cats	人事・労務	未着手 (KEY_REQUIRED)			
329	Phase 3 (ロングテール)	clearout	マーケティング	未着手 (KEY_REQUIRED)			
330	Phase 3 (ロングテール)	content_snare	入力フォーム	未着手 (KEY_REQUIRED)			
331	Phase 3 (ロングテール)	digistore	EC・POSシステム	未着手 (KEY_REQUIRED)			
332	Phase 3 (ロングテール)	elastic_email	マーケティング	未着手 (KEY_REQUIRED)			
333	Phase 3 (ロングテール)	firstpromoter	マーケティング	未着手 (KEY_REQUIRED)			
334	Phase 3 (ロングテール)	heygen	マーケティング	未着手 (KEY_REQUIRED)			
335	Phase 3 (ロングテール)	kanban_tool	プロジェクト管理	未着手 (KEY_REQUIRED)			
336	Phase 3 (ロングテール)	klenty	セールス	未着手 (KEY_REQUIRED)			
337	Phase 3 (ロングテール)	missive	カスタマーサポート	未着手 (KEY_REQUIRED)			
338	Phase 3 (ロングテール)	onesimpleapi	オートメーション	未着手 (KEY_REQUIRED)			
339	Phase 3 (ロングテール)	opsgenie	ワークフロー	未着手 (KEY_REQUIRED)			
340	Phase 3 (ロングテール)	pca-cloud-kyuyo	人事・労務	未着手 (KEY_REQUIRED)			
341	Phase 3 (ロングテール)	pca_cloud_kyuyo_hyper	人事・労務	未着手 (KEY_REQUIRED)			
342	Phase 3 (ロングテール)	php_point_of_sale	EC・POSシステム	未着手 (KEY_REQUIRED)			
343	Phase 3 (ロングテール)	picsart	マーケティング	未着手 (KEY_REQUIRED)			
344	Phase 3 (ロングテール)	quipu-token	会計・経理	未着手 (KEY_REQUIRED)			
345	Phase 3 (ロングテール)	rakuraku_btob	EC・POSシステム	未着手 (KEY_REQUIRED)			
346	Phase 3 (ロングテール)	retell-ai	オートメーション	未着手 (KEY_REQUIRED)			
347	Phase 3 (ロングテール)	rows	業務一般	未着手 (KEY_REQUIRED)			
348	Phase 3 (ロングテール)	sendcloud	受発注・在庫管理	未着手 (KEY_REQUIRED)			
349	Phase 3 (ロングテール)	sendle	受発注・在庫管理	未着手 (KEY_REQUIRED)			
350	Phase 3 (ロングテール)	sho-bugyo	セールス	未着手 (KEY_REQUIRED)			
351	Phase 3 (ロングテール)	snipcart	EC・POSシステム	未着手 (KEY_REQUIRED)			
352	Phase 3 (ロングテール)	sos_inventory	受発注・在庫管理	未着手 (KEY_REQUIRED)			
353	Phase 3 (ロングテール)	textcortex_ai	オートメーション	未着手 (KEY_REQUIRED)			
354	Phase 3 (ロングテール)	textit	マーケティング	未着手 (KEY_REQUIRED)			
355	Phase 3 (ロングテール)	userapi-ai	Webサイト制作	未着手 (KEY_REQUIRED)			
356	Phase 3 (ロングテール)	zoho_people	人事・労務	未着手 (KEY_REQUIRED)			
357	Phase 3 (ロングテール)	base	EC・POSシステム	未着手 (KEY_REQUIRED)			
358	Phase 3 (ロングテール)	canva	業務一般	未着手 (KEY_REQUIRED)			
359	Phase 3 (ロングテール)	customer-io	マーケティング	未着手 (KEY_REQUIRED)			
360	Phase 3 (ロングテール)	dify	業務一般	未着手 (KEY_REQUIRED)			
361	Phase 3 (ロングテール)	elevenlabs	マーケティング	未着手 (KEY_REQUIRED)			
362	Phase 3 (ロングテール)	facebook-ads	マーケティング	未着手 (KEY_REQUIRED)			
363	Phase 3 (ロングテール)	hive	プロジェクト管理	未着手 (KEY_REQUIRED)			
364	Phase 3 (ロングテール)	meistertask	プロジェクト管理	未着手 (KEY_REQUIRED)			
365	Phase 3 (ロングテール)	memberstack	マーケティング	未着手 (KEY_REQUIRED)			
366	Phase 3 (ロングテール)	np-kakebarai	会計・経理	未着手 (KEY_REQUIRED)			
367	Phase 3 (ロングテール)	toyokumo-anpi	人事・労務	未着手 (KEY_REQUIRED)			
368	Phase 3 (ロングテール)	askhandle	カスタマーサポート	未着手 (KEY_REQUIRED)			
369	Phase 3 (ロングテール)	assist_tencho	EC・POSシステム	未着手 (KEY_REQUIRED)			
370	Phase 3 (ロングテール)	bizer-team	プロジェクト管理	未着手 (KEY_REQUIRED)			
371	Phase 3 (ロングテール)	bland_ai	オートメーション	未着手 (KEY_REQUIRED)			
372	Phase 3 (ロングテール)	cuenote_sms	マーケティング	未着手 (KEY_REQUIRED)			
373	Phase 3 (ロングテール)	easyship	受発注・在庫管理	未着手 (KEY_REQUIRED)			
374	Phase 3 (ロングテール)	ecomail	マーケティング	未着手 (KEY_REQUIRED)			
375	Phase 3 (ロングテール)	emailoctopus	マーケティング	未着手 (KEY_REQUIRED)			
376	Phase 3 (ロングテール)	gumroad	決済	未着手 (KEY_REQUIRED)			
377	Phase 3 (ロングテール)	helpwise	カスタマーサポート	未着手 (KEY_REQUIRED)			
378	Phase 3 (ロングテール)	hrbrain	人事・労務	未着手 (KEY_REQUIRED)			
379	Phase 3 (ロングテール)	kakaowork	チャットツール	未着手 (KEY_REQUIRED)			
380	Phase 3 (ロングテール)	linear	プロジェクト管理	未着手 (KEY_REQUIRED)			
381	Phase 3 (ロングテール)	memberful	マーケティング	未着手 (KEY_REQUIRED)			
382	Phase 3 (ロングテール)	one-signal	マーケティング	未着手 (KEY_REQUIRED)			
383	Phase 3 (ロングテール)	process_street	ワークフロー	未着手 (KEY_REQUIRED)			
384	Phase 3 (ロングテール)	sentry	プロジェクト管理	未着手 (KEY_REQUIRED)			
385	Phase 3 (ロングテール)	signable	契約締結	未着手 (KEY_REQUIRED)			
386	Phase 3 (ロングテール)	sms_alert	マーケティング	未着手 (KEY_REQUIRED)			
387	Phase 3 (ロングテール)	stability_ai	オートメーション	未着手 (KEY_REQUIRED)			
388	Phase 3 (ロングテール)	toodledo	プロジェクト管理	未着手 (KEY_REQUIRED)			
389	Phase 3 (ロングテール)	twochat	チャットツール	未着手 (KEY_REQUIRED)			
390	Phase 3 (ロングテール)	viewdns	業務一般	未着手 (KEY_REQUIRED)			
391	Phase 3 (ロングテール)	wan-sign	契約締結	未着手 (KEY_REQUIRED)			
392	Phase 3 (ロングテール)	wooxy	マーケティング	未着手 (KEY_REQUIRED)			
393	Phase 3 (ロングテール)	Pinterest	マーケティング	未着手 (KEY_REQUIRED)			
394	Phase 3 (ロングテール)	akashi	人事・労務	未着手 (KEY_REQUIRED)			
395	Phase 3 (ロングテール)	bakuraku-kyotsukanri	会計・経理	未着手 (KEY_REQUIRED)			
396	Phase 3 (ロングテール)	bitly	マーケティング	未着手 (KEY_REQUIRED)			
397	Phase 3 (ロングテール)	cloudbot	オートメーション	未着手 (KEY_REQUIRED)			
398	Phase 3 (ロングテール)	coda	業務一般	未着手 (KEY_REQUIRED)			
399	Phase 3 (ロングテール)	convertkit	マーケティング	未着手 (KEY_REQUIRED)			
400	Phase 3 (ロングテール)	esignatures-io	契約締結	未着手 (KEY_REQUIRED)			
401	Phase 3 (ロングテール)	figma	Webサイト制作	未着手 (KEY_REQUIRED)			
402	Phase 3 (ロングテール)	getresponse-api	マーケティング	未着手 (KEY_REQUIRED)			
403	Phase 3 (ロングテール)	gitlab	プロジェクト管理	未着手 (KEY_REQUIRED)			
404	Phase 3 (ロングテール)	google-meet	業務一般	未着手 (KEY_REQUIRED)			
405	Phase 3 (ロングテール)	jotform	入力フォーム	未着手 (KEY_REQUIRED)			
406	Phase 3 (ロングテール)	knack	Webデータベース	未着手 (KEY_REQUIRED)			
407	Phase 3 (ロングテール)	ninox	Webデータベース	未着手 (KEY_REQUIRED)			
408	Phase 3 (ロングテール)	sendgrid	マーケティング	未着手 (KEY_REQUIRED)			
409	Phase 3 (ロングテール)	refiner	カスタマーサポート	未着手 (KEY_REQUIRED)			
410	Phase 3 (ロングテール)	abstract	マーケティング	未着手 (KEY_REQUIRED)			
411	Phase 3 (ロングテール)	dotsimple	マーケティング	未着手 (KEY_REQUIRED)			
412	Phase 3 (ロングテール)	dub	マーケティング	未着手 (KEY_REQUIRED)			
413	Phase 3 (ロングテール)	encharge	マーケティング	未着手 (KEY_REQUIRED)			
414	Phase 3 (ロングテール)	esim	業務一般	未着手 (KEY_REQUIRED)			
415	Phase 3 (ロングテール)	gist	カスタマーサポート	未着手 (KEY_REQUIRED)			
416	Phase 3 (ロングテール)	jitbit	カスタマーサポート	未着手 (KEY_REQUIRED)			
417	Phase 3 (ロングテール)	klippa_docHorizon	会計・経理	未着手 (KEY_REQUIRED)			
418	Phase 3 (ロングテール)	mailmodo	マーケティング	未着手 (KEY_REQUIRED)			
419	Phase 3 (ロングテール)	manychat	マーケティング	未着手 (KEY_REQUIRED)			
420	Phase 3 (ロングテール)	mixmax	セールス	未着手 (KEY_REQUIRED)			
421	Phase 3 (ロングテール)	myphoner	セールス	未着手 (KEY_REQUIRED)			
422	Phase 3 (ロングテール)	pinata	ファイル管理	未着手 (KEY_REQUIRED)			
423	Phase 3 (ロングテール)	placid	マーケティング	未着手 (KEY_REQUIRED)			
424	Phase 3 (ロングテール)	postalytics	マーケティング	未着手 (KEY_REQUIRED)			
425	Phase 3 (ロングテール)	quickbase	Webデータベース	未着手 (KEY_REQUIRED)			
426	Phase 3 (ロングテール)	rebrandly	マーケティング	未着手 (KEY_REQUIRED)			
427	Phase 3 (ロングテール)	shotstack	オートメーション	未着手 (KEY_REQUIRED)			
428	Phase 3 (ロングテール)	tuemilio	マーケティング	未着手 (KEY_REQUIRED)			
429	Phase 3 (ロングテール)	uniqode	業務一般	未着手 (KEY_REQUIRED)			
430	Phase 3 (ロングテール)	unisender	マーケティング	未着手 (KEY_REQUIRED)			
431	Phase 3 (ロングテール)	whereby	業務一般	未着手 (KEY_REQUIRED)			
432	Phase 3 (ロングテール)	browse-ai	オートメーション	未着手 (KEY_REQUIRED)			
433	Phase 3 (ロングテール)	gbiz-info	セールス	未着手 (KEY_REQUIRED)			
434	Phase 3 (ロングテール)	glide	Webサイト制作	未着手 (KEY_REQUIRED)			
435	Phase 3 (ロングテール)	google-apps-script	業務一般	未着手 (KEY_REQUIRED)			
436	Phase 3 (ロングテール)	google-business-profile	マーケティング	未着手 (KEY_REQUIRED)			
437	Phase 3 (ロングテール)	loops	マーケティング	未着手 (KEY_REQUIRED)			
438	Phase 3 (ロングテール)	mailerlite	マーケティング	未着手 (KEY_REQUIRED)			
439	Phase 3 (ロングテール)	mem	業務一般	未着手 (KEY_REQUIRED)			
440	Phase 3 (ロングテール)	sokkyu	人事・労務	未着手 (KEY_REQUIRED)			
441	Phase 3 (ロングテール)	squarespace	Webサイト制作	未着手 (KEY_REQUIRED)			
442	Phase 3 (ロングテール)	wrike	プロジェクト管理	未着手 (KEY_REQUIRED)			
443	Phase 3 (ロングテール)	zoho_creator	Webデータベース	未着手 (KEY_REQUIRED)			
444	Phase 3 (ロングテール)	botsonic	オートメーション	未着手 (KEY_REQUIRED)			
445	Phase 3 (ロングテール)	cleverreach	マーケティング	未着手 (KEY_REQUIRED)			
446	Phase 3 (ロングテール)	contactship_ai	セールス	未着手 (KEY_REQUIRED)			
447	Phase 3 (ロングテール)	convenia	人事・労務	未着手 (KEY_REQUIRED)			
448	Phase 3 (ロングテール)	dribbble	プロジェクト管理	未着手 (KEY_REQUIRED)			
449	Phase 3 (ロングテール)	employmenthero	人事・労務	未着手 (KEY_REQUIRED)			
450	Phase 3 (ロングテール)	files_com	ファイル管理	未着手 (KEY_REQUIRED)			
451	Phase 3 (ロングテール)	itreview	マーケティング	未着手 (KEY_REQUIRED)			
452	Phase 3 (ロングテール)	launchDarkly	プロジェクト管理	未着手 (KEY_REQUIRED)			
453	Phase 3 (ロングテール)	list-finder	マーケティング	未着手 (KEY_REQUIRED)			
454	Phase 3 (ロングテール)	parsehub	オートメーション	未着手 (KEY_REQUIRED)			
455	Phase 3 (ロングテール)	qdrant	Webデータベース	未着手 (KEY_REQUIRED)			
456	Phase 3 (ロングテール)	quintadb	Webデータベース	未着手 (KEY_REQUIRED)			
457	Phase 3 (ロングテール)	reamaze	カスタマーサポート	未着手 (KEY_REQUIRED)			
458	Phase 3 (ロングテール)	retently	マーケティング	未着手 (KEY_REQUIRED)			
459	Phase 3 (ロングテール)	runrun_it	プロジェクト管理	未着手 (KEY_REQUIRED)			
460	Phase 3 (ロングテール)	sender	マーケティング	未着手 (KEY_REQUIRED)			
461	Phase 3 (ロングテール)	signl	ワークフロー	未着手 (KEY_REQUIRED)			
462	Phase 3 (ロングテール)	signupgenius	プロジェクト管理	未着手 (KEY_REQUIRED)			
463	Phase 3 (ロングテール)	splitwise	会計・経理	未着手 (KEY_REQUIRED)			
464	Phase 3 (ロングテール)	tookan	受発注・在庫管理	未着手 (KEY_REQUIRED)			
465	Phase 3 (ロングテール)	videoask	入力フォーム	未着手 (KEY_REQUIRED)			
466	Phase 3 (ロングテール)	woodpecker	マーケティング	未着手 (KEY_REQUIRED)			
467	Phase 3 (ロングテール)	workable	人事・労務	未着手 (KEY_REQUIRED)			
468	Phase 3 (ロングテール)	workast	プロジェクト管理	未着手 (KEY_REQUIRED)			
469	Phase 3 (ロングテール)	xodo-sign	契約締結	未着手 (KEY_REQUIRED)			
470	Phase 3 (ロングテール)	zoho_sign	契約締結	未着手 (KEY_REQUIRED)			
471	Phase 3 (ロングテール)	adobe-sign	契約締結	未着手 (KEY_REQUIRED)			
472	Phase 3 (ロングテール)	amazon	EC・POSシステム	未着手 (KEY_REQUIRED)			
473	Phase 3 (ロングテール)	bakuraku-shinsei-keihiseisan	会計・経理	未着手 (KEY_REQUIRED)			
474	Phase 3 (ロングテール)	bownow	マーケティング	未着手 (KEY_REQUIRED)			
475	Phase 3 (ロングテール)	bubble	Webサイト制作	未着手 (KEY_REQUIRED)			
476	Phase 3 (ロングテール)	callconnect	セールス	未着手 (KEY_REQUIRED)			
477	Phase 3 (ロングテール)	craftmypdf	オートメーション	未着手 (KEY_REQUIRED)			
478	Phase 3 (ロングテール)	entra-id	業務一般	未着手 (KEY_REQUIRED)			
479	Phase 3 (ロングテール)	gemini	業務一般	未着手 (KEY_REQUIRED)			
480	Phase 3 (ロングテール)	google-docs	業務一般	未着手 (KEY_REQUIRED)			
481	Phase 3 (ロングテール)	hunter	セールス	未着手 (KEY_REQUIRED)			
482	Phase 3 (ロングテール)	medium	マーケティング	未着手 (KEY_REQUIRED)			
483	Phase 3 (ロングテール)	miro	業務一般	未着手 (KEY_REQUIRED)			
484	Phase 3 (ロングテール)	mistral-ai	業務一般	未着手 (KEY_REQUIRED)			
485	Phase 3 (ロングテール)	notepm	ナレッジベース	未着手 (KEY_REQUIRED)			
486	Phase 3 (ロングテール)	statuspage	カスタマーサポート	未着手 (KEY_REQUIRED)			
487	Phase 3 (ロングテール)	talentio	人事・労務	未着手 (KEY_REQUIRED)			
488	Phase 3 (ロングテール)	x-oauth	マーケティング	未着手 (KEY_REQUIRED)			
489	Phase 3 (ロングテール)	at-pocket	Webデータベース	未着手 (KEY_REQUIRED)			
490	Phase 3 (ロングテール)	formcrafts	入力フォーム	未着手 (KEY_REQUIRED)			
491	Phase 3 (ロングテール)	aitable	Webデータベース	未着手 (KEY_REQUIRED)			
492	Phase 3 (ロングテール)	bakuraku-seikyushohakko	会計・経理	未着手 (KEY_REQUIRED)			
493	Phase 3 (ロングテール)	big_mailer	マーケティング	未着手 (KEY_REQUIRED)			
494	Phase 3 (ロングテール)	brightcove	マーケティング	未着手 (KEY_REQUIRED)			
495	Phase 3 (ロングテール)	carbone	オートメーション	未着手 (KEY_REQUIRED)			
496	Phase 3 (ロングテール)	cdata-connect	オートメーション	未着手 (KEY_REQUIRED)			
497	Phase 3 (ロングテール)	certifier	契約締結	未着手 (KEY_REQUIRED)			
498	Phase 3 (ロングテール)	cloudtalk	カスタマーサポート	未着手 (KEY_REQUIRED)			
499	Phase 3 (ロングテール)	contracts-clm	契約締結	未着手 (KEY_REQUIRED)			
500	Phase 3 (ロングテール)	dataforseo	マーケティング	未着手 (KEY_REQUIRED)			
501	Phase 3 (ロングテール)	delighted	マーケティング	未着手 (KEY_REQUIRED)			
502	Phase 3 (ロングテール)	diffbot	オートメーション	未着手 (KEY_REQUIRED)			
503	Phase 3 (ロングテール)	docugenerate	オートメーション	未着手 (KEY_REQUIRED)			
504	Phase 3 (ロングテール)	ezcraft	Webデータベース	未着手 (KEY_REQUIRED)			
505	Phase 3 (ロングテール)	flodesk	マーケティング	未着手 (KEY_REQUIRED)			
506	Phase 3 (ロングテール)	formbuilder	入力フォーム	未着手 (KEY_REQUIRED)			
507	Phase 3 (ロングテール)	groove	カスタマーサポート	未着手 (KEY_REQUIRED)			
508	Phase 3 (ロングテール)	happy_scribe	業務一般	未着手 (KEY_REQUIRED)			
509	Phase 3 (ロングテール)	hilos	チャットツール	未着手 (KEY_REQUIRED)			
510	Phase 3 (ロングテール)	kanbanzone	プロジェクト管理	未着手 (KEY_REQUIRED)			
511	Phase 3 (ロングテール)	landbot-platformapi	オートメーション	未着手 (KEY_REQUIRED)			
512	Phase 3 (ロングテール)	luma	マーケティング	未着手 (KEY_REQUIRED)			
513	Phase 3 (ロングテール)	moosend	マーケティング	未着手 (KEY_REQUIRED)			
514	Phase 3 (ロングテール)	oncehub	カレンダー	未着手 (KEY_REQUIRED)			
515	Phase 3 (ロングテール)	order_desk	受発注・在庫管理	未着手 (KEY_REQUIRED)			
516	Phase 3 (ロングテール)	pagepixels_screenshots	オートメーション	未着手 (KEY_REQUIRED)			
517	Phase 3 (ロングテール)	pca_cloud_accounting_hyper	会計・経理	未着手 (KEY_REQUIRED)			
518	Phase 3 (ロングテール)	sectorflow	業務一般	未着手 (KEY_REQUIRED)			
519	Phase 3 (ロングテール)	smartbill	会計・経理	未着手 (KEY_REQUIRED)			
520	Phase 3 (ロングテール)	supersaas	カレンダー	未着手 (KEY_REQUIRED)			
521	Phase 3 (ロングテール)	tabidoo	Webデータベース	未着手 (KEY_REQUIRED)			
522	Phase 3 (ロングテール)	teachable	セールス	未着手 (KEY_REQUIRED)			
523	Phase 3 (ロングテール)	telnyx	カスタマーサポート	未着手 (KEY_REQUIRED)			
524	Phase 3 (ロングテール)	tovas	会計・経理	未着手 (KEY_REQUIRED)			
525	Phase 3 (ロングテール)	aws_s_three	ファイル管理	未着手 (KEY_REQUIRED)			
526	Phase 3 (ロングテール)	canbus	Webデータベース	未着手 (KEY_REQUIRED)			
527	Phase 3 (ロングテール)	channel-talk	カスタマーサポート	未着手 (KEY_REQUIRED)			
528	Phase 3 (ロングテール)	hrmos-kintai-api	人事・労務	未着手 (KEY_REQUIRED)			
529	Phase 3 (ロングテール)	html-css-to-image	オートメーション	未着手 (KEY_REQUIRED)			
530	Phase 3 (ロングテール)	hugging-face	業務一般	未着手 (KEY_REQUIRED)			
531	Phase 3 (ロングテール)	mediasms	マーケティング	未着手 (KEY_REQUIRED)			
532	Phase 3 (ロングテール)	mixpanel	マーケティング	未着手 (KEY_REQUIRED)			
533	Phase 3 (ロングテール)	phantombuster	オートメーション	未着手 (KEY_REQUIRED)			
534	Phase 3 (ロングテール)	sasuke-works	Webデータベース	未着手 (KEY_REQUIRED)			
535	Phase 3 (ロングテール)	smslink	セールス	未着手 (KEY_REQUIRED)			
536	Phase 3 (ロングテール)	stores-yk	マーケティング	未着手 (KEY_REQUIRED)			
537	Phase 3 (ロングテール)	signtime	契約締結	未着手 (KEY_REQUIRED)			
538	Phase 3 (ロングテール)	adalo	Webサイト制作	未着手 (KEY_REQUIRED)			
539	Phase 3 (ロングテール)	airparser	オートメーション	未着手 (KEY_REQUIRED)			
540	Phase 3 (ロングテール)	all-images-ai	マーケティング	未着手 (KEY_REQUIRED)			
541	Phase 3 (ロングテール)	amptalk	セールス	未着手 (KEY_REQUIRED)			
542	Phase 3 (ロングテール)	bannerbite	マーケティング	未着手 (KEY_REQUIRED)			
543	Phase 3 (ロングテール)	botstar	マーケティング	未着手 (KEY_REQUIRED)			
544	Phase 3 (ロングテール)	cloudgate-uno	人事・労務	未着手 (KEY_REQUIRED)			
545	Phase 3 (ロングテール)	convertio	オートメーション	未着手 (KEY_REQUIRED)			
546	Phase 3 (ロングテール)	dash	マーケティング	未着手 (KEY_REQUIRED)			
547	Phase 3 (ロングテール)	doppio	オートメーション	未着手 (KEY_REQUIRED)			
548	Phase 3 (ロングテール)	dynalist	ナレッジベース	未着手 (KEY_REQUIRED)			
549	Phase 3 (ロングテール)	eden	人事・労務	未着手 (KEY_REQUIRED)			
550	Phase 3 (ロングテール)	exa_ai	オートメーション	未着手 (KEY_REQUIRED)			
551	Phase 3 (ロングテール)	feathery	入力フォーム	未着手 (KEY_REQUIRED)			
552	Phase 3 (ロングテール)	fillfaster	入力フォーム	未着手 (KEY_REQUIRED)			
553	Phase 3 (ロングテール)	findymail	マーケティング	未着手 (KEY_REQUIRED)			
554	Phase 3 (ロングテール)	keboola	マーケティング	未着手 (KEY_REQUIRED)			
555	Phase 3 (ロングテール)	loqate	マーケティング	未着手 (KEY_REQUIRED)			
556	Phase 3 (ロングテール)	mailrelay	マーケティング	未着手 (KEY_REQUIRED)			
557	Phase 3 (ロングテール)	nethunt	セールス	未着手 (KEY_REQUIRED)			
558	Phase 3 (ロングテール)	pdfmonkey	オートメーション	未着手 (KEY_REQUIRED)			
559	Phase 3 (ロングテール)	pingdom	プロジェクト管理	未着手 (KEY_REQUIRED)			
560	Phase 3 (ロングテール)	pushbullet	業務一般	未着手 (KEY_REQUIRED)			
561	Phase 3 (ロングテール)	riskanalyze	セールス	未着手 (KEY_REQUIRED)			
562	Phase 3 (ロングテール)	saleslens	セールス	未着手 (KEY_REQUIRED)			
563	Phase 3 (ロングテール)	sendy	マーケティング	未着手 (KEY_REQUIRED)			
564	Phase 3 (ロングテール)	seven_io	マーケティング	未着手 (KEY_REQUIRED)			
565	Phase 3 (ロングテール)	sleekflow	カスタマーサポート	未着手 (KEY_REQUIRED)			
566	Phase 3 (ロングテール)	sms_hana	マーケティング	未着手 (KEY_REQUIRED)			
567	Phase 3 (ロングテール)	synthflow_ai	セールス	未着手 (KEY_REQUIRED)			
568	Phase 3 (ロングテール)	teamup	カレンダー	未着手 (KEY_REQUIRED)			
569	Phase 3 (ロングテール)	templated	オートメーション	未着手 (KEY_REQUIRED)			
570	Phase 3 (ロングテール)	vapi	オートメーション	未着手 (KEY_REQUIRED)			
571	Phase 3 (ロングテール)	whapi	チャットツール	未着手 (KEY_REQUIRED)			
572	Phase 3 (ロングテール)	workplace	業務一般	未着手 (KEY_REQUIRED)			
573	Phase 3 (ロングテール)	benchmark-email	マーケティング	未着手 (KEY_REQUIRED)			
574	Phase 3 (ロングテール)	bigquery	マーケティング	未着手 (KEY_REQUIRED)			
575	Phase 3 (ロングテール)	deepl	業務一般	未着手 (KEY_REQUIRED)			
576	Phase 3 (ロングテール)	groq	業務一般	未着手 (KEY_REQUIRED)			
577	Phase 3 (ロングテール)	ipqualityscore	マーケティング	未着手 (KEY_REQUIRED)			
578	Phase 3 (ロングテール)	mailersend	マーケティング	未着手 (KEY_REQUIRED)			
579	Phase 3 (ロングテール)	openweathermap	業務一般	未着手 (KEY_REQUIRED)			
580	Phase 3 (ロングテール)	ovice	業務一般	未着手 (KEY_REQUIRED)			
581	Phase 3 (ロングテール)	perplexity	業務一般	未着手 (KEY_REQUIRED)			
582	Phase 3 (ロングテール)	rakuro	人事・労務	未着手 (KEY_REQUIRED)			
583	Phase 3 (ロングテール)	riskeyes	セールス	未着手 (KEY_REQUIRED)			
584	Phase 3 (ロングテール)	typeform	入力フォーム	未着手 (KEY_REQUIRED)			
585	Phase 3 (ロングテール)	roborobo	セールス	未着手 (KEY_REQUIRED)			
586	Phase 3 (ロングテール)	apitemplate	オートメーション	未着手 (KEY_REQUIRED)			
587	Phase 3 (ロングテール)	bigml	業務一般	未着手 (KEY_REQUIRED)			
588	Phase 3 (ロングテール)	cloudcontact_AI	マーケティング	未着手 (KEY_REQUIRED)			
589	Phase 3 (ロングテール)	codegpt	業務一般	未着手 (KEY_REQUIRED)			
590	Phase 3 (ロングテール)	deepgram	オートメーション	未着手 (KEY_REQUIRED)			
591	Phase 3 (ロングテール)	demio	マーケティング	未着手 (KEY_REQUIRED)			
592	Phase 3 (ロングテール)	detrack	受発注・在庫管理	未着手 (KEY_REQUIRED)			
593	Phase 3 (ロングテール)	dlvr_it	マーケティング	未着手 (KEY_REQUIRED)			
594	Phase 3 (ロングテール)	dx-suite	会計・経理	未着手 (KEY_REQUIRED)			
595	Phase 3 (ロングテール)	dynamic_mockups	EC・POSシステム	未着手 (KEY_REQUIRED)			
596	Phase 3 (ロングテール)	email_list_verify	マーケティング	未着手 (KEY_REQUIRED)			
597	Phase 3 (ロングテール)	giphy	マーケティング	未着手 (KEY_REQUIRED)			
598	Phase 3 (ロングテール)	kanjo-bugyo	会計・経理	未着手 (KEY_REQUIRED)			
599	Phase 3 (ロングテール)	mailercloud	マーケティング	未着手 (KEY_REQUIRED)			
600	Phase 3 (ロングテール)	memberspot_io	マーケティング	未着手 (KEY_REQUIRED)			
601	Phase 3 (ロングテール)	moreapp_forms	入力フォーム	未着手 (KEY_REQUIRED)			
602	Phase 3 (ロングテール)	pca-cloud-accounting	会計・経理	未着手 (KEY_REQUIRED)			
603	Phase 3 (ロングテール)	photoroom	オートメーション	未着手 (KEY_REQUIRED)			
604	Phase 3 (ロングテール)	pledge	プロジェクト管理	未着手 (KEY_REQUIRED)			
605	Phase 3 (ロングテール)	posthog	マーケティング	未着手 (KEY_REQUIRED)			
606	Phase 3 (ロングテール)	reverse_contact	マーケティング	未着手 (KEY_REQUIRED)			
607	Phase 3 (ロングテール)	satori	マーケティング	未着手 (KEY_REQUIRED)			
608	Phase 3 (ロングテール)	ticket_tailor	EC・POSシステム	未着手 (KEY_REQUIRED)			
609	Phase 3 (ロングテール)	trint	業務一般	未着手 (KEY_REQUIRED)			
610	Phase 3 (ロングテール)	wachete	オートメーション	未着手 (KEY_REQUIRED)			
611	Phase 3 (ロングテール)	wamm_app	チャットツール	未着手 (KEY_REQUIRED)			
612	Phase 3 (ロングテール)	whoisfreaks	マーケティング	未着手 (KEY_REQUIRED)			
613	Phase 3 (ロングテール)	zoom-phone	セールス	未着手 (KEY_REQUIRED)			
614	Phase 3 (ロングテール)	acuity-scheduling	カレンダー	未着手 (KEY_REQUIRED)			
615	Phase 3 (ロングテール)	anthropic	業務一般	未着手 (KEY_REQUIRED)			
616	Phase 3 (ロングテール)	cal-com	カレンダー	未着手 (KEY_REQUIRED)			
617	Phase 3 (ロングテール)	calendly	カレンダー	未着手 (KEY_REQUIRED)			
618	Phase 3 (ロングテール)	chat-plus	カスタマーサポート	未着手 (KEY_REQUIRED)			
619	Phase 3 (ロングテール)	google-analytics	マーケティング	未着手 (KEY_REQUIRED)			
620	Phase 3 (ロングテール)	line-notify	チャットツール	未着手 (KEY_REQUIRED)			
621	Phase 3 (ロングテール)	meta-cv	マーケティング	未着手 (KEY_REQUIRED)			
622	Phase 3 (ロングテール)	softr	Webサイト制作	未着手 (KEY_REQUIRED)			
623	Phase 3 (ロングテール)	twilio	セールス	未着手 (KEY_REQUIRED)			
624	Phase 3 (ロングテール)	cohere	業務一般	未着手 (KEY_REQUIRED)			
625	Phase 3 (ロングテール)	firecrawl	オートメーション	未着手 (KEY_REQUIRED)			
626	Phase 3 (ロングテール)	talknote	チャットツール	未着手 (KEY_REQUIRED)			
627	Phase 3 (ロングテール)	agora	Webサイト制作	未着手 (KEY_REQUIRED)			
628	Phase 3 (ロングテール)	aidaform	入力フォーム	未着手 (KEY_REQUIRED)			
629	Phase 3 (ロングテール)	anymail-finder	マーケティング	未着手 (KEY_REQUIRED)			
630	Phase 3 (ロングテール)	assembly-ai	オートメーション	未着手 (KEY_REQUIRED)			
631	Phase 3 (ロングテール)	burst_sms	マーケティング	未着手 (KEY_REQUIRED)			
632	Phase 3 (ロングテール)	chatluck	チャットツール	未着手 (KEY_REQUIRED)			
633	Phase 3 (ロングテール)	cnpja	Webデータベース	未着手 (KEY_REQUIRED)			
634	Phase 3 (ロングテール)	dandoli	プロジェクト管理	未着手 (KEY_REQUIRED)			
635	Phase 3 (ロングテール)	docsfold	業務一般	未着手 (KEY_REQUIRED)			
636	Phase 3 (ロングテール)	emelia	マーケティング	未着手 (KEY_REQUIRED)			
637	Phase 3 (ロングテール)	gamma	業務一般	未着手 (KEY_REQUIRED)			
638	Phase 3 (ロングテール)	gender_api	マーケティング	未着手 (KEY_REQUIRED)			
639	Phase 3 (ロングテール)	hasdata	オートメーション	未着手 (KEY_REQUIRED)			
640	Phase 3 (ロングテール)	hif	セールス	未着手 (KEY_REQUIRED)			
641	Phase 3 (ロングテール)	kyusms	セールス	未着手 (KEY_REQUIRED)			
642	Phase 3 (ロングテール)	leady	マーケティング	未着手 (KEY_REQUIRED)			
643	Phase 3 (ロングテール)	manage	業務一般	未着手 (KEY_REQUIRED)			
644	Phase 3 (ロングテール)	pappers	セールス	未着手 (KEY_REQUIRED)			
645	Phase 3 (ロングテール)	plumsail_documents	オートメーション	未着手 (KEY_REQUIRED)			
646	Phase 3 (ロングテール)	promptitude_io	オートメーション	未着手 (KEY_REQUIRED)			
647	Phase 3 (ロングテール)	pushcut	業務一般	未着手 (KEY_REQUIRED)			
648	Phase 3 (ロングテール)	renderform	マーケティング	未着手 (KEY_REQUIRED)			
649	Phase 3 (ロングテール)	rocketreach	マーケティング	未着手 (KEY_REQUIRED)			
650	Phase 3 (ロングテール)	runway	オートメーション	未着手 (KEY_REQUIRED)			
651	Phase 3 (ロングテール)	scribe_transcription	業務一般	未着手 (KEY_REQUIRED)			
652	Phase 3 (ロングテール)	wufoo	入力フォーム	未着手 (KEY_REQUIRED)			
653	Phase 3 (ロングテール)	zerobounce	マーケティング	未着手 (KEY_REQUIRED)			
654	Phase 3 (ロングテール)	deepseek	業務一般	未着手 (KEY_REQUIRED)			
655	Phase 3 (ロングテール)	google-search	業務一般	未着手 (KEY_REQUIRED)			
656	Phase 3 (ロングテール)	invoice-api	会計・経理	未着手 (KEY_REQUIRED)			
657	Phase 3 (ロングテール)	jicoo	カレンダー	未着手 (KEY_REQUIRED)			
658	Phase 3 (ロングテール)	telegram	チャットツール	未着手 (KEY_REQUIRED)			
659	Phase 3 (ロングテール)	youtube	マーケティング	未着手 (KEY_REQUIRED)			
660	Phase 3 (ロングテール)	climbercloud	会計・経理	未着手 (KEY_REQUIRED)			
661	Phase 3 (ロングテール)	abyssale	マーケティング	未着手 (KEY_REQUIRED)			
662	Phase 3 (ロングテール)	adroll	マーケティング	未着手 (KEY_REQUIRED)			
663	Phase 3 (ロングテール)	aws_athena	Webデータベース	未着手 (KEY_REQUIRED)			
664	Phase 3 (ロングテール)	bakuraku-denshichobohozon	会計・経理	未着手 (KEY_REQUIRED)			
665	Phase 3 (ロングテール)	bettercontact	セールス	未着手 (KEY_REQUIRED)			
666	Phase 3 (ロングテール)	bouncer	マーケティング	未着手 (KEY_REQUIRED)			
667	Phase 3 (ロングテール)	cloud_pay_neo	決済	未着手 (KEY_REQUIRED)			
668	Phase 3 (ロングテール)	convertapi	オートメーション	未着手 (KEY_REQUIRED)			
669	Phase 3 (ロングテール)	creatomate	Webサイト制作	未着手 (KEY_REQUIRED)			
670	Phase 3 (ロングテール)	cuttly	マーケティング	未着手 (KEY_REQUIRED)			
671	Phase 3 (ロングテール)	dropcontact	セールス	未着手 (KEY_REQUIRED)			
672	Phase 3 (ロングテール)	fillout	入力フォーム	未着手 (KEY_REQUIRED)			
673	Phase 3 (ロングテール)	fullenrich	マーケティング	未着手 (KEY_REQUIRED)			
674	Phase 3 (ロングテール)	google_search_console	マーケティング	未着手 (KEY_REQUIRED)			
675	Phase 3 (ロングテール)	greptile	オートメーション	未着手 (KEY_REQUIRED)			
676	Phase 3 (ロングテール)	hrdatawarp	オートメーション	未着手 (KEY_REQUIRED)			
677	Phase 3 (ロングテール)	invox-issue	会計・経理	未着手 (KEY_REQUIRED)			
678	Phase 3 (ロングテール)	kaisoku_searcher	ファイル管理	未着手 (KEY_REQUIRED)			
679	Phase 3 (ロングテール)	location_io	マーケティング	未着手 (KEY_REQUIRED)			
680	Phase 3 (ロングテール)	megaapi	チャットツール	未着手 (KEY_REQUIRED)			
681	Phase 3 (ロングテール)	melo	業務一般	未着手 (KEY_REQUIRED)			
682	Phase 3 (ロングテール)	mitto_sms	マーケティング	未着手 (KEY_REQUIRED)			
683	Phase 3 (ロングテール)	moneyforward_cloudinvoice	会計・経理	未着手 (KEY_REQUIRED)			
684	Phase 3 (ロングテール)	noor	チャットツール	未着手 (KEY_REQUIRED)			
685	Phase 3 (ロングテール)	nss	決済	未着手 (KEY_REQUIRED)			
686	Phase 3 (ロングテール)	oopspam_anti_spam	マーケティング	未着手 (KEY_REQUIRED)			
687	Phase 3 (ロングテール)	parseur	オートメーション	未着手 (KEY_REQUIRED)			
688	Phase 3 (ロングテール)	parsio	オートメーション	未着手 (KEY_REQUIRED)			
689	Phase 3 (ロングテール)	pdf_maker	オートメーション	未着手 (KEY_REQUIRED)			
690	Phase 3 (ロングテール)	pdfless	業務一般	未着手 (KEY_REQUIRED)			
691	Phase 3 (ロングテール)	people_data_labs	マーケティング	未着手 (KEY_REQUIRED)			
692	Phase 3 (ロングテール)	printbahn	セールス	未着手 (KEY_REQUIRED)			
693	Phase 3 (ロングテール)	qwen	業務一般	未着手 (KEY_REQUIRED)			
694	Phase 3 (ロングテール)	satismeter	マーケティング	未着手 (KEY_REQUIRED)			
695	Phase 3 (ロングテール)	techulus_push	業務一般	未着手 (KEY_REQUIRED)			
696	Phase 3 (ロングテール)	twilio_verify	マーケティング	未着手 (KEY_REQUIRED)			
697	Phase 3 (ロングテール)	uproc	オートメーション	未着手 (KEY_REQUIRED)			
698	Phase 3 (ロングテール)	zixflow	マーケティング	未着手 (KEY_REQUIRED)			
699	Phase 3 (ロングテール)	formrun	入力フォーム	未着手 (KEY_REQUIRED)			
700	Phase 3 (ロングテール)	geniee-sfa	セールス	未着手 (KEY_REQUIRED)			
701	Phase 3 (ロングテール)	mautic	マーケティング	未着手 (KEY_REQUIRED)			
702	Phase 3 (ロングテール)	metalife	業務一般	未着手 (KEY_REQUIRED)			
703	Phase 3 (ロングテール)	tally	入力フォーム	未着手 (KEY_REQUIRED)			
704	Phase 3 (ロングテール)	timerex	カレンダー	未着手 (KEY_REQUIRED)			
705	Phase 3 (ロングテール)	wix	Webサイト制作	未着手 (KEY_REQUIRED)			
706	Phase 3 (ロングテール)	youcanbookme	カレンダー	未着手 (KEY_REQUIRED)			
707	Phase 3 (ロングテール)	zoho-forms	入力フォーム	未着手 (KEY_REQUIRED)			
708	Phase 3 (ロングテール)	remove-bg	Webサイト制作	未着手 (KEY_REQUIRED)			
709	Phase 3 (ロングテール)	beamer	マーケティング	未着手 (KEY_REQUIRED)			
710	Phase 3 (ロングテール)	byteplant-phone-validator	マーケティング	未着手 (KEY_REQUIRED)			
711	Phase 3 (ロングテール)	emailable	マーケティング	未着手 (KEY_REQUIRED)			
712	Phase 3 (ロングテール)	formsite	入力フォーム	未着手 (KEY_REQUIRED)			
713	Phase 3 (ロングテール)	getform	入力フォーム	未着手 (KEY_REQUIRED)			
714	Phase 3 (ロングテール)	imgbb	Webサイト制作	未着手 (KEY_REQUIRED)			
715	Phase 3 (ロングテール)	inout-whatsapp	チャットツール	未着手 (KEY_REQUIRED)			
716	Phase 3 (ロングテール)	ipinfo	マーケティング	未着手 (KEY_REQUIRED)			
717	Phase 3 (ロングテール)	jandi	チャットツール	未着手 (KEY_REQUIRED)			
718	Phase 3 (ロングテール)	kickbox	マーケティング	未着手 (KEY_REQUIRED)			
719	Phase 3 (ロングテール)	liny	マーケティング	未着手 (KEY_REQUIRED)			
720	Phase 3 (ロングテール)	llama_ai_logo	業務一般	未着手 (KEY_REQUIRED)			
721	Phase 3 (ロングテール)	mails_so	マーケティング	未着手 (KEY_REQUIRED)			
722	Phase 3 (ロングテール)	manus	業務一般	未着手 (KEY_REQUIRED)			
723	Phase 3 (ロングテール)	neverbounce	マーケティング	未着手 (KEY_REQUIRED)			
724	Phase 3 (ロングテール)	numverify	マーケティング	未着手 (KEY_REQUIRED)			
725	Phase 3 (ロングテール)	openrouter	オートメーション	未着手 (KEY_REQUIRED)			
726	Phase 3 (ロングテール)	product_fruits	カスタマーサポート	未着手 (KEY_REQUIRED)			
727	Phase 3 (ロングテール)	pushover	業務一般	未着手 (KEY_REQUIRED)			
728	Phase 3 (ロングテール)	quickchart	業務一般	未着手 (KEY_REQUIRED)			
729	Phase 3 (ロングテール)	quickemailverification	マーケティング	未着手 (KEY_REQUIRED)			
730	Phase 3 (ロングテール)	scrapingbee	オートメーション	未着手 (KEY_REQUIRED)			
731	Phase 3 (ロングテール)	scraptio	オートメーション	未着手 (KEY_REQUIRED)			
732	Phase 3 (ロングテール)	scribeless	マーケティング	未着手 (KEY_REQUIRED)			
733	Phase 3 (ロングテール)	slopebase	Webデータベース	未着手 (KEY_REQUIRED)			
734	Phase 3 (ロングテール)	snack_prompt	オートメーション	未着手 (KEY_REQUIRED)			
735	Phase 3 (ロングテール)	vectorizer_ai	オートメーション	未着手 (KEY_REQUIRED)			
736	Phase 3 (ロングテール)	verificaremails	マーケティング	未着手 (KEY_REQUIRED)			
737	Phase 3 (ロングテール)	whatsable-message	チャットツール	未着手 (KEY_REQUIRED)			
738	Phase 3 (ロングテール)	xai	業務一般	未着手 (KEY_REQUIRED)			
739	Phase 3 (ロングテール)	elementor	Webサイト制作	未着手 (KEY_REQUIRED)			
740	Phase 3 (ロングテール)	formbricks	入力フォーム	未着手 (KEY_REQUIRED)			
741	Phase 3 (ロングテール)	frictio	セールス	未着手 (KEY_REQUIRED)			
742	Phase 3 (ロングテール)	ganttpro	プロジェクト管理	未着手 (KEY_REQUIRED)			
743	Phase 3 (ロングテール)	hexomatic	オートメーション	未着手 (KEY_REQUIRED)			
744	Phase 3 (ロングテール)	lodgify	カスタマーサポート	未着手 (KEY_REQUIRED)			
745	Phase 3 (ロングテール)	mailparser-io	オートメーション	未着手 (KEY_REQUIRED)			
746	Phase 3 (ロングテール)	monday	未分類	未着手 (KEY_REQUIRED)			
747	Phase 3 (ロングテール)	monica-crm	未分類	未着手 (KEY_REQUIRED)			
748	Phase 3 (ロングテール)	notion-customercs	未分類	未着手 (KEY_REQUIRED)			
749	Phase 3 (ロングテール)	paperform	入力フォーム	未着手 (KEY_REQUIRED)			
750	Phase 3 (ロングテール)	porsline	入力フォーム	未着手 (KEY_REQUIRED)			
751	Phase 3 (ロングテール)	runbook	ナレッジベース	未着手 (KEY_REQUIRED)			
752	Phase 3 (ロングテール)	tripetto	入力フォーム	未着手 (KEY_REQUIRED)			
753	Phase 3 (ロングテール)	프로젝트_진척	未分類	未着手 (KEY_REQUIRED)			
